Date,Open,High,Low,Close,Volume
1/2/2018,38.169998,38.360001,37.919998,38.060001,6997300
1/3/2018,37.990002,39.279999,37.900002,39.220001,9134400
1/4/2018,39.419998,39.77,38.470001,38.57,8958600
1/5/2018,38.849998,39.84,38.810001,39.689999,7290400
1/8/2018,39.549999,40.080002,39.439999,39.799999,9714200
1/9/2018,40.099998,40.130001,39.48,39.529999,6215900
1/10/2018,38.869999,39.02,37.549999,37.700001,17416500
1/11/2018,37.84,37.939999,37.459999,37.810001,11090500
1/12/2018,38,38.27,37.900002,38.02,11992900
1/16/2018,38.07,38.25,37.380001,37.68,10718800
1/17/2018,38,38.310001,37.75,37.990002,12245700
1/18/2018,38.209999,38.939999,38.130001,38.740002,11113500
1/19/2018,38.75,39.02,38.200001,38.43,12724000
1/22/2018,38.360001,39.73,38.330002,39.580002,10715000
1/23/2018,39.59,39.889999,39.130001,39.77,6944800
1/24/2018,39.970001,40.709999,39.689999,39.82,10736000
1/25/2018,39.93,40.41,39.860001,40.02,9070900
1/26/2018,40.310001,40.91,39.919998,40.889999,8522600
1/29/2018,40.59,41.07,40.57,40.799999,6372800
1/30/2018,40.720001,41.34,40.189999,40.400002,9022900
1/31/2018,40.48,41.099998,40.360001,40.580002,14509700
2/1/2018,45.5,46.990002,45.209999,46.189999,33290600
2/2/2018,45.16,46.240002,44.23,44.299999,19255600
2/5/2018,44.02,44.450001,42.240002,42.369999,19100200
2/6/2018,41.720001,43.099998,41.720001,42.790001,18686100
2/7/2018,42.669998,43.119999,42.23,42.330002,11379200
2/8/2018,42.5,42.950001,41.009998,41.02,14996800
2/9/2018,41.5,41.98,40.43,41.66,15976200
2/12/2018,41.950001,42.639999,41.639999,42.32,11821400
2/13/2018,41.990002,42.779999,41.900002,42.150002,10415600
2/14/2018,41.830002,42.669998,41.75,42.439999,9930100
2/15/2018,42.68,43.259998,42.23,43.009998,10402800
2/16/2018,43.16,43.639999,42.91,43.34,9396200
2/20/2018,43.110001,43.790001,43.009998,43.389999,10947000
2/21/2018,43.52,43.700001,43.060001,43.119999,10393300
2/22/2018,43.16,43.509998,42.619999,42.830002,10575200
2/23/2018,43.27,43.790001,42.82,43.68,11158700
2/26/2018,43.799999,44.360001,43.650002,43.830002,6402500
2/27/2018,43.82,43.950001,43.130001,43.150002,9243800
2/28/2018,43.220001,43.419998,42.849998,42.860001,8825200
3/1/2018,43.009998,43.110001,42.049999,42.27,8040500
3/2/2018,42.599998,43.060001,42.220001,42.950001,8070200
3/5/2018,42.790001,43.549999,42.619999,43.189999,5506100
3/6/2018,43.540001,43.540001,42.959999,43.139999,5324800
3/7/2018,42.970001,44.02,42.799999,43.93,8126500
3/8/2018,44.16,44.299999,43.41,43.68,9297800
3/9/2018,43.759998,43.849998,43.34,43.810001,7800600
3/12/2018,44.029999,44.040001,43.43,43.900002,9189400
3/13/2018,44.139999,44.220001,42.689999,42.82,9934900
3/14/2018,42.970001,43.139999,42.650002,42.830002,11663300
3/15/2018,42.82,42.830002,42.16,42.59,7598600
3/16/2018,42.619999,42.740002,42.380001,42.459999,14194900
3/19/2018,42.23,42.759998,41.720001,42.09,9410000
3/20/2018,42.080002,42.189999,41.709999,41.959999,8000800
3/21/2018,41.869999,42.130001,41.470001,41.669998,7658100
3/22/2018,41.240002,41.549999,40.560001,40.580002,10974100
3/23/2018,40.57,40.939999,39.700001,39.709999,9244800
3/26/2018,40.299999,41.060001,39.59,41.009998,9796900
3/27/2018,41.150002,41.169998,39.98,40.220001,11795600
3/28/2018,40.130001,40.82,39.639999,40.110001,14336500
3/29/2018,40.439999,40.830002,39.990002,40.240002,13438300
4/2/2018,40.040001,40.34,38.900002,39.360001,7721400
4/3/2018,39.470001,39.900002,39.220001,39.610001,9671700
4/4/2018,39.099998,39.91,39,39.790001,10205800
4/5/2018,40.110001,40.310001,39.610001,40.029999,6190800
4/6/2018,39.66,39.939999,39,39.09,6019700
4/9/2018,39.209999,39.549999,38.82,38.880001,7607500
4/10/2018,39.299999,39.82,39.139999,39.59,7480300
4/11/2018,40.41,41.09,39.509998,39.830002,17644400
4/12/2018,40.27,40.889999,39.950001,40.529999,14002500
4/13/2018,41.060001,41.09,39.799999,39.900002,7340900
4/16/2018,40.220001,40.66,39.810001,40.189999,6629200
4/17/2018,40.389999,40.799999,40.130001,40.610001,9474500
4/18/2018,42.849998,42.900002,41.150002,41.75,19386300
4/19/2018,41.529999,42.25,41.509998,42.110001,9700700
4/20/2018,42.279999,43,42.060001,42.200001,13731600
4/23/2018,42.349998,42.5,41.490002,41.599998,8673100
4/24/2018,41.849998,42.18,40.810001,41.18,7316900
4/25/2018,41.110001,41.279999,40.240002,40.970001,11161200
4/26/2018,38.84,39.07,38.09,38.68,21446700
4/27/2018,38.68,38.889999,37.990002,38.23,15960100
4/30/2018,38.290001,38.619999,37.650002,37.880001,10620400
5/1/2018,37.75,37.919998,37.419998,37.830002,7301900
5/2/2018,37.830002,37.990002,37.080002,37.18,11027800
5/3/2018,37,37.759998,36.810001,37.639999,8942700
5/4/2018,37.330002,38.189999,37.209999,38,6359300
5/7/2018,38.080002,38.25,37.610001,37.799999,6773700
5/8/2018,37.73,38.139999,37.48,38.099998,8953000
5/9/2018,38.299999,38.84,38.18,38.23,9597500
5/10/2018,38.389999,38.560001,38.09,38.5,7215500
5/11/2018,38.380001,38.759998,38.110001,38.259998,7455900
5/14/2018,38.150002,38.669998,38.150002,38.389999,7462800
5/15/2018,38.119999,38.209999,37.689999,38.080002,6747200
5/16/2018,38,38.57,37.950001,38.349998,11002600
5/17/2018,38.23,38.84,38.23,38.400002,6370400
5/18/2018,38.299999,38.580002,38.16,38.32,6736600
5/21/2018,38.490002,38.82,38.189999,38.290001,6599200
5/22/2018,38.400002,38.490002,37.689999,37.77,9142200
5/23/2018,37.610001,38.060001,37.470001,38.040001,7347000
5/24/2018,38.029999,38.240002,37.630001,37.790001,6256200
5/25/2018,37.84,38.290001,37.799999,37.939999,8736600
5/29/2018,37.73,37.880001,37.360001,37.529999,8306000
5/30/2018,37.779999,38.119999,37.529999,37.849998,7908700
5/31/2018,37.779999,37.810001,37.18,37.720001,10710700
6/1/2018,38.060001,38.849998,37.91,38.34,7831200
6/4/2018,38.470001,39.130001,38.389999,39.07,8115300
6/5/2018,39.23,40.470001,39.220001,40.040001,11216100
6/6/2018,40.07,40.110001,39.299999,39.950001,6986700
6/7/2018,40.060001,40.860001,39.84,40.450001,11570700
6/8/2018,40.259998,40.41,39.91,40.290001,6067000
6/11/2018,40.27,40.759998,40.080002,40.490002,5208900
6/12/2018,40.630001,40.75,40.299999,40.450001,8575100
6/13/2018,40.25,40.27,38.869999,39.330002,14044000
6/14/2018,39.52,39.669998,38.950001,39,9353400
6/15/2018,38.919998,39.009998,38.43,38.889999,12891600
6/18/2018,38.5,39.029999,38.34,38.860001,10077500
6/19/2018,38.32,39.299999,38.279999,39.18,7190200
6/20/2018,39.48,39.540001,38.959999,39.259998,5750500
6/21/2018,39.220001,39.59,37.860001,38.009998,11587300
6/22/2018,38.07,38.27,37.650002,38.09,11808400
6/25/2018,37.720001,37.75,36.779999,37.110001,13382600
6/26/2018,37.130001,37.369999,36.779999,37.07,12451300
6/27/2018,37.02,37.299999,36.290001,36.299999,9898300
6/28/2018,36.18,36.369999,35.560001,36.139999,11381100
6/29/2018,36.279999,36.540001,36.130001,36.259998,6335800
7/2/2018,35.91,36.68,35.669998,36.669998,6144200
7/3/2018,36.889999,37.209999,36.610001,36.639999,3704000
7/5/2018,36.799999,37.099998,36.5,37.029999,4653800
7/6/2018,37.200001,37.540001,36.75,37.389999,4188500
7/9/2018,37.540001,37.93,37.450001,37.91,4660700
7/10/2018,37.080002,37.5,36.990002,37.040001,11250700
7/11/2018,36.93,37.43,36.779999,36.98,8442000
7/12/2018,37.459999,37.779999,37.200001,37.549999,9711500
7/13/2018,37.549999,37.669998,37.130001,37.610001,7785700
7/16/2018,37.66,38.060001,37.490002,37.73,11576800
7/17/2018,37.43,38.150002,37.32,37.810001,9931200
7/18/2018,37.779999,38.34,37.619999,37.950001,15840300
7/19/2018,35.169998,35.650002,33.93,34.110001,50978000
7/20/2018,34.419998,34.91,34.119999,34.200001,20035000
7/23/2018,34.060001,34.150002,33.490002,33.790001,15380500
7/24/2018,34.02,34.060001,33.439999,33.52,10916700
7/25/2018,33.419998,34.040001,33.389999,33.889999,12141500
7/26/2018,33.810001,34.639999,33.759998,34.43,9728300
7/27/2018,34.630001,34.84,33.759998,33.810001,10161300
7/30/2018,33.720001,33.959999,33.41,33.669998,10093700
7/31/2018,33.77,33.959999,33.330002,33.450001,9976100
8/1/2018,33.349998,33.450001,32.849998,33.09,8981800
8/2/2018,33,33.400002,32.860001,33.220001,7235700
8/3/2018,33.369999,33.720001,33.169998,33.66,7154100
8/6/2018,33.66,34.189999,33.57,33.990002,8119000
8/7/2018,34.110001,34.209999,33.720001,33.779999,5722300
8/8/2018,33.779999,33.950001,33.630001,33.84,5504300
8/9/2018,33.860001,34.209999,33.759998,34.150002,8115900
8/10/2018,33.549999,34.459999,33.43,34.09,13198500
8/13/2018,34.110001,34.450001,33.869999,33.880001,7984400
8/14/2018,33.91,34.73,33.849998,34.400002,9201000
8/15/2018,34.049999,34.099998,33.599998,33.860001,12381500
8/16/2018,34.060001,34.169998,33.639999,33.77,8534500
8/17/2018,33.82,34.259998,33.68,34.009998,6982400
8/20/2018,34.200001,34.34,33.93,34.02,7843900
8/21/2018,34.060001,34.869999,34.029999,34.529999,9788800
8/22/2018,34.41,34.790001,34.150002,34.700001,7463100
8/23/2018,34.779999,34.889999,34.240002,34.400002,7989400
8/24/2018,34.560001,34.880001,34.459999,34.529999,5412500
8/27/2018,34.619999,34.790001,34.52,34.580002,7464800
8/28/2018,34.740002,34.790001,34.459999,34.740002,5877600
8/29/2018,34.779999,35.290001,34.75,34.93,5934400
8/30/2018,34.84,34.990002,34.619999,34.799999,4985500
8/31/2018,34.720001,35.060001,34.560001,34.610001,7944100
9/4/2018,34.400002,34.91,34.360001,34.799999,6743300
9/5/2018,34.639999,34.689999,34,34.130001,8820700
9/6/2018,34.080002,34.32,33.279999,33.66,9240100
9/7/2018,33.400002,34.02,33.139999,33.990002,6445200
9/10/2018,34.139999,34.200001,33.59,33.709999,7787600
9/11/2018,33.810001,34.209999,33.580002,34.110001,4970600
9/12/2018,33.98,34.419998,33.75,34.259998,6035900
9/13/2018,34.43,34.849998,34.299999,34.439999,6716800
9/14/2018,34.5,34.549999,33.959999,34.099998,5376400
9/17/2018,34.029999,34.389999,34.02,34.200001,6722700
9/18/2018,34.209999,34.540001,34.09,34.119999,8724500
9/19/2018,34.009998,34.369999,34.009998,34.220001,13455600
9/20/2018,34.279999,34.310001,33.830002,34.240002,15877000
9/21/2018,34.32,34.459999,33.950001,34.040001,24875000
9/24/2018,33.830002,33.950001,33.630001,33.720001,8746500
9/25/2018,33.57,33.720001,32.599998,32.759998,20479000
9/26/2018,32.709999,34.099998,32.709999,33.580002,14007000
9/27/2018,33.57,33.740002,33.150002,33.34,7374800
9/28/2018,33.209999,33.34,32.73,33.02,8467200
10/1/2018,33.099998,33.150002,32.459999,32.509998,11990700
10/2/2018,32.5,32.779999,32.34,32.560001,10174300
10/3/2018,32.77,33.130001,32.709999,32.75,11075500
10/4/2018,32.66,32.93,32.380001,32.630001,12293000
10/5/2018,32.650002,32.73,32.099998,32.240002,9361100
10/8/2018,32.169998,33.049999,32.099998,32.580002,8036100
10/9/2018,32.560001,34.599998,32.290001,33.279999,27415000
10/10/2018,33.09,33.18,31.66,31.67,14292200
10/11/2018,31.780001,31.799999,30.76,31.4,14477800
10/12/2018,31.92,31.92,31.15,31.719999,7910500
10/15/2018,31.540001,32.150002,31.41,31.860001,5036400
10/16/2018,31.719999,32.34,31.709999,32.25,7111500
10/17/2018,32.23,32.389999,31.5,32.02,10845300
10/18/2018,31.889999,31.99,31.299999,31.549999,8705300
10/19/2018,29.469999,29.58,28.370001,28.75,39779400
10/22/2018,28.469999,28.91,28.09,28.49,17677200
10/23/2018,27.75,28.360001,27.610001,28.190001,12577500
10/24/2018,28.110001,28.379999,27.24,27.290001,16309300
10/25/2018,27.66,28.299999,27.549999,28.059999,12239600
10/26/2018,27.24,27.92,26.959999,27.34,16691700
10/29/2018,27.719999,27.799999,26.360001,26.82,18291800
10/30/2018,26.9,27.67,26.780001,27.42,19994400
10/31/2018,29.299999,29.49,27.77,29.030001,28518100
11/1/2018,29.08,30,29,29.52,18717300
11/2/2018,29.52,30.08,29.309999,29.870001,16427500
11/5/2018,29.91,30.059999,29.33,29.639999,10724200
11/6/2018,29.59,30.26,29.459999,29.950001,12821600
11/7/2018,30.09,30.18,29.59,29.860001,18347500
11/8/2018,29.74,29.969999,29.52,29.84,10837900
11/9/2018,29.620001,29.950001,29.58,29.629999,8713100
11/12/2018,29.58,29.700001,28.91,28.959999,10966400
11/13/2018,28.799999,28.799999,27.790001,28.1,17743900
11/14/2018,28.200001,28.34,27.870001,27.889999,12131000
11/15/2018,27.799999,28.469999,27.549999,28.17,12345600
11/16/2018,28,28.35,27.879999,28.120001,12513700
11/19/2018,28.02,28.33,27.799999,27.959999,11562100
11/20/2018,27.700001,28.629999,27.6,28.16,15882600
11/21/2018,28.540001,28.76,28.25,28.34,12092800
11/23/2018,28.18,29.049999,28.18,28.440001,7229000
11/26/2018,28.799999,29.02,28.530001,28.799999,11018000
11/27/2018,28.58,28.879999,28.41,28.74,9823500
11/28/2018,28.799999,29.84,28.709999,29.76,22025700
11/29/2018,29.57,29.879999,29.32,29.52,8839400
11/30/2018,29.469999,29.879999,29.26,29.85,19709500
12/3/2018,30.17,30.360001,29.82,30.200001,18952800
12/4/2018,30.059999,30.33,29.139999,29.26,17330100
12/6/2018,28.879999,29.540001,28.77,29.469999,15521800
12/7/2018,29.43,29.91,28.91,29.059999,11785300
12/10/2018,29.16,29.290001,28.719999,28.98,10646400
12/11/2018,29.4,29.549999,28.940001,29.049999,12570800
12/12/2018,28.5,29.49,28.25,29.040001,12840500
12/13/2018,29.200001,29.309999,28.77,29.02,12261800
12/14/2018,28.790001,29.139999,28.75,28.91,11101100
12/17/2018,28.780001,29,28.360001,28.48,16640200
12/18/2018,28.559999,28.780001,28.42,28.5,13869600
12/19/2018,28.49,29.23,28.08,28.299999,18442300
12/20/2018,28.200001,28.52,27.58,27.99,21710600
12/21/2018,28.02,28.34,26.299999,26.58,32178400
12/24/2018,26.549999,26.92,26.139999,26.139999,6216100
12/26/2018,26.35,27.879999,26.01,27.85,11503400
12/27/2018,27.48,28.040001,27.02,28.030001,9769900
12/28/2018,28.110001,28.639999,28.02,28.24,8781000
12/31/2018,28.379999,28.5,27.889999,28.07,7629300
1/2/2019,27.65,28.959999,27.559999,28.85,11190300
1/3/2019,28.629999,28.82,28.280001,28.32,10803900
1/4/2019,28.6,29.08,28.33,28.969999,14593700
1/7/2019,28.959999,29.65,28.93,29.469999,13419400
1/8/2019,29.74,30.08,29.4,30,8179700
1/9/2019,29.99,30.4,29.74,30.290001,10607500
1/10/2019,30.129999,30.639999,30.01,30.57,8741400
1/11/2019,30.15,30.540001,29.42,30.41,13390900
1/14/2019,30.18,30.280001,29.99,30.209999,7523000
1/15/2019,30.299999,30.75,30.27,30.67,7154900
1/16/2019,30.66,30.700001,30.27,30.290001,12725700
1/17/2019,30.15,30.549999,30.059999,30.379999,12818500
1/18/2019,30.610001,31.02,30.440001,31,13839700
1/22/2019,34.34,34.75,32.73,32.900002,56378700
1/23/2019,33.400002,33.529999,32.459999,32.610001,19280600
1/24/2019,32.700001,32.860001,32.330002,32.650002,11974800
1/25/2019,32.950001,33.759998,32.799999,33.720001,17028800
1/28/2019,33.490002,34.23,33.400002,34.02,22325500
1/29/2019,34.369999,34.43,33.540001,33.689999,19304100
1/30/2019,33.970001,34.32,32.880001,34.080002,27338600
1/31/2019,33.759998,33.990002,32.77,33.650002,24996900
2/1/2019,33.75,34.48,33.630001,34.310001,19113800
2/4/2019,34.549999,35.200001,34.200001,35.049999,19798500
2/5/2019,35.27,35.529999,35.07,35.330002,13738200
2/6/2019,35.119999,35.709999,35,35.48,11340000
2/7/2019,35.220001,35.389999,34.82,35.25,9211000
2/8/2019,35,35.32,34.91,35.259998,10228000
2/11/2019,35.48,35.900002,35.32,35.59,9638400
2/12/2019,35.59,36.27,35.209999,36.189999,12684800
2/13/2019,36.209999,36.540001,36.16,36.259998,7378000
2/14/2019,36.040001,36.560001,35.98,36.32,6874500
2/15/2019,36.610001,36.830002,36.419998,36.580002,10273100
2/19/2019,36.549999,37.130001,36.459999,37.049999,12312100
2/20/2019,37.02,37.25,36.689999,36.740002,11698700
2/21/2019,36.630001,37.130001,36.5,36.98,8151600
2/22/2019,36.990002,37.5,36.970001,37.490002,6820600
2/25/2019,37.75,37.889999,37.310001,37.34,10147800
2/26/2019,37.34,37.549999,37.060001,37.380001,12788000
2/27/2019,37.450001,38.02,37.279999,37.580002,10571100
2/28/2019,37.5,37.5,37.099998,37.150002,7462700
3/1/2019,38.360001,39.139999,37.18,37.349998,17271800
3/4/2019,37.48,37.580002,36.700001,37.25,11304000
3/5/2019,37.200001,37.490002,37.110001,37.119999,12174400
3/6/2019,37.139999,37.540001,36.799999,36.810001,10885400
3/7/2019,36.73,36.779999,36.080002,36.209999,14928000
3/8/2019,36.02,36.02,35.509998,35.889999,16417000
3/11/2019,35.93,36.34,35.82,36.25,15306400
3/12/2019,36.439999,36.490002,36.110001,36.279999,10660900
3/13/2019,36.299999,36.740002,36.16,36.459999,13247800
3/14/2019,36.380001,36.619999,36.169998,36.349998,10560900
3/15/2019,36.349998,36.580002,36.02,36.299999,24454100
3/18/2019,36.310001,36.580002,36.18,36.27,9328100
3/19/2019,36.459999,37.200001,36.400002,36.869999,14686900
3/20/2019,36.759998,36.91,36.57,36.700001,11905400
3/21/2019,36.740002,37.389999,36.580002,37.200001,10661100
3/22/2019,37.060001,37.439999,36.490002,36.650002,8449100
3/25/2019,36.59,36.810001,36.279999,36.720001,5482100
3/26/2019,36.919998,37.09,36.639999,36.900002,7926700
3/27/2019,36.950001,37.09,36.580002,36.830002,8223000
3/28/2019,36.919998,37.43,36.619999,36.779999,9806800
3/29/2019,36.950001,37.169998,36.869999,37.139999,8636400
4/1/2019,37.41,37.77,37.360001,37.68,6664100
4/2/2019,37.799999,38.18,37.619999,37.919998,7396500
4/3/2019,38.18,38.240002,37.860001,37.990002,10032400
4/4/2019,37.880001,38.18,37.830002,38.049999,6372500
4/5/2019,38.110001,38.330002,37.740002,37.84,7907400
4/8/2019,37.790001,37.990002,37.700001,37.810001,6982600
4/9/2019,37.639999,37.860001,37.470001,37.75,7140800
4/10/2019,37.860001,37.860001,37.459999,37.720001,7057400
4/11/2019,37.630001,37.630001,35.889999,36.32,19483300
4/12/2019,36.59,36.720001,35.990002,36.169998,14267400
4/15/2019,36.25,36.470001,36.02,36.23,9688300
4/16/2019,36.34,36.57,36.279999,36.389999,7046300
4/17/2019,36.459999,36.75,35.720001,35.970001,12860000
4/18/2019,36.09,36.169998,35.439999,35.98,12335000
4/22/2019,35.919998,36.23,35.610001,36.150002,7243900
4/23/2019,36.07,36.790001,36.040001,36.669998,14144300
4/24/2019,38,38.740002,37.560001,38.52,21206400
4/25/2019,38.360001,38.509998,37.740002,38.110001,7937300
4/26/2019,38.25,38.490002,38.02,38.360001,9212000
4/29/2019,38.349998,38.380001,37.880001,38.25,8028100
4/30/2019,38.27,38.799999,37.959999,38.75,8321400
5/1/2019,38.779999,38.939999,37.77,37.799999,9686500
5/2/2019,37.790001,38.18,37.529999,37.59,10378400
5/3/2019,37.950001,38.299999,37.860001,38.279999,8775000
5/6/2019,37.639999,38.060001,37.59,37.880001,6504700
5/7/2019,37.610001,37.849998,37.360001,37.68,7808500
5/8/2019,37.68,37.740002,37.290001,37.540001,5943700
5/9/2019,37.25,37.849998,36.959999,37.619999,6454700
5/10/2019,37.48,37.580002,36.709999,37.380001,8920100
5/13/2019,36.549999,36.740002,35.73,35.869999,12425800
5/14/2019,35.950001,37.259998,35.869999,36.799999,11137800
5/15/2019,36.630001,37.18,36.52,37.040001,7461000
5/16/2019,37.139999,37.639999,37.040001,37.27,8123300
5/17/2019,36.889999,37.27,36.599998,36.900002,9273600
5/20/2019,36.5,36.950001,36.41,36.560001,7379300
5/21/2019,36.709999,36.869999,36.439999,36.580002,6438600
5/22/2019,36.470001,36.59,36.130001,36.310001,7066300
5/23/2019,36.060001,36.290001,35.59,35.950001,8753700
5/24/2019,36.139999,36.380001,35.810001,36.130001,5298700
5/28/2019,36.23,36.68,36.139999,36.220001,7201400
5/29/2019,35.959999,36.23,35.779999,36.099998,7874300
5/30/2019,36.09,36.700001,35.98,36.380001,6490000
5/31/2019,36.029999,36.139999,35.740002,35.93,7261400
6/3/2019,35.849998,36.09,35.450001,35.619999,9491500
6/4/2019,35.869999,36.810001,35.849998,36.540001,10785000
6/5/2019,36.860001,36.869999,36.040001,36.560001,11404100
6/6/2019,36.549999,36.82,36.450001,36.810001,5982300
6/7/2019,36.93,38,36.91,37.509998,11904800
6/10/2019,37.66,38.400002,37.549999,38.119999,8884300
6/11/2019,38.41,38.59,37.849998,38.23,7350500
6/12/2019,38.099998,39.060001,38.029999,39.02,9266500
6/13/2019,39.119999,39.439999,38.919998,39,9103300
6/14/2019,39.139999,39.32,38.860001,38.91,7550100
6/17/2019,38.939999,39.32,38.720001,39.009998,11564700
6/18/2019,39.400002,39.93,39.240002,39.669998,9352800
6/19/2019,39.779999,40.220001,39.599998,40.130001,6520000
6/20/2019,40.540001,40.549999,39.880001,39.919998,11852200
6/21/2019,39.919998,40.209999,39.630001,40.049999,20769600
6/24/2019,40.02,40.18,39.639999,39.709999,7365600
6/25/2019,39.779999,39.779999,38.919998,39.02,7834000
6/26/2019,39.130001,39.369999,39.049999,39.200001,4739400
6/27/2019,39.349998,39.580002,39.259998,39.290001,8254200
6/28/2019,39.330002,39.560001,39.110001,39.5,14763400
7/1/2019,39.970001,39.990002,39.580002,39.889999,4879400
7/2/2019,39.91,40.189999,39.709999,40.080002,6368100
7/3/2019,40.130001,40.23,39.849998,39.900002,3419500
7/5/2019,39.759998,40,39.459999,39.799999,3862400
7/8/2019,39.709999,39.799999,39.400002,39.540001,5477000
7/9/2019,39.580002,39.98,39.52,39.939999,5962900
7/10/2019,40.189999,40.380001,39.66,40.009998,5443700
7/11/2019,39.860001,39.939999,39.279999,39.599998,5831200
7/12/2019,39.700001,40.099998,39.599998,40.060001,5286700
7/15/2019,40.09,40.32,39.740002,40.27,5660400
7/16/2019,40.110001,40.169998,39.630001,39.919998,7612000
7/17/2019,39.990002,41.110001,38.93,39.029999,15260600
7/18/2019,41.110001,42,39.02,39.77,27078000
7/19/2019,39.849998,40.330002,39.470001,40.209999,13045800
7/22/2019,40.259998,41.07,40.18,40.669998,9627200
7/23/2019,40.880001,41.16,40.68,41.029999,8740500
7/24/2019,40.869999,41.18,40.779999,41.029999,6391500
7/25/2019,41.040001,41.150002,40.740002,40.810001,5249000
7/26/2019,40.93,41.389999,40.82,41.23,8385600
7/29/2019,41.279999,41.650002,41.119999,41.57,7852000
7/30/2019,41.299999,41.5,41.07,41.380001,6328000
7/31/2019,41.299999,41.540001,40.630001,41.189999,8815000
8/1/2019,41.360001,41.990002,40.779999,41.099998,10690100
8/2/2019,40.900002,40.959999,40.259998,40.580002,6246400
8/5/2019,40,40.16,38.540001,38.810001,7702800
8/6/2019,39.209999,39.73,38.880001,39.689999,8461700
8/7/2019,39.220001,39.810001,38.849998,39.720001,5576500
8/8/2019,40,41.259998,39.959999,41.25,6915800
8/9/2019,41,41.080002,40.189999,40.310001,6291100
8/12/2019,39.970001,40.049999,39.419998,39.740002,4205000
8/13/2019,39.91,41.029999,39.830002,40.98,5615100
8/14/2019,40.09,40.380001,39.549999,39.639999,7416400
8/15/2019,39.900002,39.959999,39.049999,39.439999,6698100
8/16/2019,39.810001,40.07,39.630001,40.02,4102800
8/19/2019,40.560001,40.790001,40.32,40.389999,6552100
8/20/2019,40.240002,40.349998,39.98,40.029999,5346800
8/21/2019,40.470001,40.529999,40.23,40.380001,5554900
8/22/2019,40.560001,40.57,39.799999,40,4950300
8/23/2019,39.779999,39.790001,38.549999,38.700001,7527000
8/26/2019,39.139999,39.419998,38.900002,39.400002,6570200
8/27/2019,39.509998,39.759998,38.709999,39,9124900
8/28/2019,38.869999,40.259998,38.779999,40.09,10721200
8/29/2019,40.509998,40.810001,40.279999,40.529999,7188200
8/30/2019,40.73,40.740002,40.18,40.290001,4472700
9/3/2019,40.049999,40.380001,39.599998,39.740002,5513600
9/4/2019,39.669998,39.880001,39.029999,39.639999,7488700
9/5/2019,40.02,40.860001,39.939999,40.799999,7084000
9/6/2019,40.939999,41.080002,40.34,40.369999,5724000
9/9/2019,40.529999,41.41,40.400002,41.400002,9028900
9/10/2019,41.049999,41.189999,40.029999,40.27,6707600
9/11/2019,40.18,40.259998,39.669998,39.900002,6195900
9/12/2019,40.16,40.540001,39.950001,40.290001,4927000
9/13/2019,40.41,40.799999,40.209999,40.369999,5438100
9/16/2019,39.75,40.389999,39.669998,40.299999,5754400
9/17/2019,40.18,40.66,39.830002,40.529999,6358800
9/18/2019,40.529999,40.619999,39.779999,40.360001,4307900
9/19/2019,40.400002,40.799999,40.330002,40.400002,4005200
9/20/2019,40.549999,40.869999,40.139999,40.360001,12088600
9/23/2019,40.369999,40.48,40.02,40.240002,3871200
9/24/2019,40.380001,40.669998,39.459999,39.560001,7437500
9/25/2019,38.919998,39.5,38.349998,39.240002,12200900
9/26/2019,39.09,39.48,38.849998,38.919998,7360700
9/27/2019,38.709999,38.889999,38.099998,38.369999,10636800
9/30/2019,38.57,39.049999,38.41,38.98,6149200
10/1/2019,38.990002,39.470001,38.470001,38.540001,5645100
10/2/2019,38.349998,38.57,37.990002,38.169998,6159400
10/3/2019,38.049999,38.049999,37.450001,37.950001,7178300
10/4/2019,38.09,38.380001,37.959999,38.310001,4602400
10/7/2019,38.040001,38.189999,37.759998,37.82,6060400
10/8/2019,37.470001,37.73,37.23,37.32,7128600
10/9/2019,37.619999,38,37.52,37.849998,6792800
10/10/2019,37.77,38.259998,37.759998,37.93,4984400
10/11/2019,38.43,38.990002,38.43,38.549999,5047000
10/14/2019,38.540001,38.630001,38.34,38.360001,6894700
10/15/2019,38.369999,39.040001,38.349998,38.880001,4792100
10/16/2019,38.639999,39.189999,38.59,38.919998,5314800
10/17/2019,39.16,39.380001,38.990002,39.09,5684500
10/18/2019,39.209999,39.349998,38.740002,38.82,6274300
10/21/2019,38.959999,39.299999,38.919998,39.259998,4786900
10/22/2019,39.23,39.360001,38.880001,38.939999,5295700
10/23/2019,38.669998,39.330002,38.360001,39.200001,6817800
10/24/2019,35.77,36.650002,35.189999,35.619999,19482100
10/25/2019,35.549999,36,35.400002,35.84,14034400
10/28/2019,35.82,36.25,35.82,35.939999,7941700
10/29/2019,35.900002,36.27,35.720001,36.110001,8275400
10/30/2019,36.150002,36.189999,35.689999,35.860001,5435300
10/31/2019,35.689999,35.860001,35.130001,35.25,6921500
11/1/2019,35.5,35.59,35.09,35.25,8236500
11/4/2019,35.25,35.52,35.209999,35.41,7120100
11/5/2019,35.5,35.759998,35.310001,35.48,6434700
11/6/2019,35.630001,35.669998,35.27,35.5,9225800
11/7/2019,35.509998,35.619999,34.779999,34.889999,10966200
11/8/2019,34.740002,35.259998,34.68,35.139999,10560700
11/11/2019,35.02,35.310001,34.93,35.25,3930600
11/12/2019,35.290001,35.369999,34.970001,35.07,6182600
11/13/2019,34.849998,34.93,34.540001,34.639999,6190800
11/14/2019,34.560001,35.099998,34.52,34.959999,6029200
11/15/2019,35.380001,35.580002,35.189999,35.27,6301800
11/18/2019,35.139999,35.400002,35,35.099998,7639100
11/19/2019,35.220001,35.41,34.98,35.060001,5307000
11/20/2019,35.02,35.25,34.740002,34.860001,9520400
11/21/2019,34.919998,35.150002,34.849998,34.939999,5660400
11/22/2019,34.959999,35.23,34.77,35.119999,6165800
11/25/2019,36.490002,36.529999,35.34,35.849998,14172100
11/26/2019,35.669998,35.900002,35.419998,35.75,8245400
11/27/2019,35.799999,36.02,35.689999,35.849998,7534400
11/29/2019,35.689999,35.849998,35.459999,35.52,3128900
12/2/2019,35.450001,35.619999,34.810001,34.900002,10174400
12/3/2019,34.599998,34.91,34.459999,34.75,7311400
12/4/2019,34.810001,35.240002,34.810001,34.970001,7517900
12/5/2019,34.939999,35.09,34.77,34.790001,8119400
12/6/2019,35.130001,35.220001,34.830002,34.860001,6547900
12/9/2019,34.849998,34.919998,34.560001,34.57,7757000
12/10/2019,34.669998,35,34.66,34.720001,6290700
12/11/2019,34.700001,34.990002,34.68,34.919998,7420700
12/12/2019,34.860001,35.459999,34.860001,35.310001,5800300
12/13/2019,35.360001,35.77,35.259998,35.48,6952200
12/16/2019,35.57,35.77,35.389999,35.400002,7240900
12/17/2019,35.439999,35.950001,35.27,35.900002,13048600
12/18/2019,35.84,35.919998,35.330002,35.639999,12129100
12/19/2019,35.52,36.119999,35.52,36.040001,7660000
12/20/2019,36.02,36.34,35.919998,36.189999,17421600
12/23/2019,36.220001,36.490002,36.169998,36.209999,5397900
12/24/2019,36.209999,36.279999,36.099998,36.209999,2129200
12/26/2019,36.349998,36.52,36.189999,36.25,4081900
12/27/2019,36.389999,36.400002,35.990002,36.07,6606900
12/30/2019,36.169998,36.209999,35.709999,35.799999,6535800
12/31/2019,35.810001,36.119999,35.540001,36.110001,7437700
1/2/2020,36.41,36.5,36.139999,36.299999,4979300
1/3/2020,35.919998,36.099998,35.779999,35.959999,3960900
1/6/2020,35.779999,35.82,35.459999,35.779999,5866000
1/7/2020,35.669998,35.700001,35.349998,35.619999,6867400
1/8/2020,35.709999,36.080002,35.57,35.599998,6072600
1/9/2020,35.139999,35.450001,34.970001,35.18,10787300
1/10/2020,35.209999,35.23,34.790001,34.889999,5664400
1/13/2020,34.849998,34.889999,34.560001,34.73,7987600
1/14/2020,34.669998,35.369999,34.509998,35.349998,7227300
1/15/2020,35.43,35.720001,35.049999,35.330002,10966000
1/16/2020,35.389999,35.990002,35.27,35.919998,6955900
1/17/2020,35.32,35.900002,35.279999,35.82,12082300
1/21/2020,35.599998,35.860001,35.470001,35.720001,6925200
1/22/2020,35.810001,36.07,35.630001,35.889999,8023300
1/23/2020,35.82,35.98,35.549999,35.610001,7980200
1/24/2020,35.790001,35.790001,35.099998,35.360001,9243600
1/27/2020,34.790001,35.740002,34.75,35.48,10529200
1/28/2020,35.610001,36.450001,35.490002,36.209999,15161800
1/29/2020,35.060001,35.529999,34.349998,34.580002,21462300
1/30/2020,34.360001,35.139999,34.25,35.060001,12420000
1/31/2020,34.860001,35.029999,33.529999,33.560001,18541300
2/3/2020,33.75,34.529999,33.709999,34.389999,14939600
2/4/2020,35.099998,39.25,34.330002,37.41,46298200
2/5/2020,36.860001,37.450001,36.610001,37.130001,25896300
2/6/2020,37.73,39.040001,37.529999,38,24981600
2/7/2020,35.830002,36.869999,35.799999,36.200001,18990500
2/10/2020,36.18,36.23,35.490002,36.02,11638100
2/11/2020,36.200001,36.669998,36.060001,36.439999,9380300
2/12/2020,36.639999,37.5,36.610001,37.150002,11499100
2/13/2020,37.049999,37.27,36.700001,37.189999,7317900
2/14/2020,37.57,38.23,37.310001,38.139999,10998300
2/18/2020,38.279999,38.630001,37.759998,37.869999,15223600
2/19/2020,38.029999,38.049999,37.52,37.529999,7598300
2/20/2020,37.34,37.869999,37.220001,37.689999,8940300
2/21/2020,37.34,38.939999,37.150002,38.200001,14695200
2/24/2020,37.630001,37.869999,36.970001,37.259998,18961600
2/25/2020,37.310001,37.630001,36.389999,36.459999,15856200
2/26/2020,36.810001,37.18,36.419998,36.689999,11917800
2/27/2020,36.150002,36.450001,35.009998,35.040001,16142600
2/28/2020,34.09,34.77,33.709999,34.639999,16824600
3/2/2020,34.619999,35.970001,34.279999,35.959999,13131000
3/3/2020,35.73,37.419998,35.66,36.720001,18838700
3/4/2020,37.32,38.540001,37.139999,38.490002,13445400
3/5/2020,37.48,38.220001,37.07,37.220001,11816600
3/6/2020,35.709999,36.790001,35.59,36.389999,12849800
3/9/2020,34.02,36.130001,33.639999,35.52,15594000
3/10/2020,36.490002,36.610001,35,36.040001,15419000
3/11/2020,35.150002,35.740002,34.360001,34.830002,13056300
3/12/2020,32.740002,35.040001,32.509998,33.029999,17224800
3/13/2020,34.549999,34.810001,32.990002,33.990002,20972000
3/16/2020,30.879999,33.349998,30.58,32.240002,17099700
3/17/2020,32.759998,33.939999,32.32,33.279999,14020000
3/18/2020,31.620001,32.849998,30.200001,31.299999,20304800
3/19/2020,31.469999,31.49,29.450001,29.6,19461400
3/20/2020,29.5,30.200001,27.209999,27.58,24947000
3/23/2020,27.25,27.639999,26.02,26.34,18502800
3/24/2020,27.370001,27.879999,26.24,27.67,24055000
3/25/2020,27.66,29.48,27.120001,28.370001,18485800
3/26/2020,28.48,30.27,28.48,30.16,14333700
3/27/2020,29.530001,30.870001,29.379999,30.18,14183000
3/30/2020,30.620001,31.540001,30.02,31.190001,14952000
3/31/2020,31.030001,31.18,29.940001,30.059999,15868300
4/1/2020,29.34,29.75,28.48,28.780001,14341500
4/2/2020,28.32,29.41,28.299999,29.190001,12007100
4/3/2020,29.15,29.67,28.799999,29.41,10869100
4/6/2020,30.67,31.32,30.280001,31.18,14731900
4/7/2020,32.080002,32.220001,31.559999,31.620001,10602500
4/8/2020,31.85,33.080002,31.799999,33.009998,12044500
4/9/2020,33.400002,34.099998,33.369999,33.830002,13558300
4/13/2020,34.290001,35.080002,33.959999,34.759998,13792100
4/14/2020,35.450001,35.98,35.27,35.740002,14582700
4/15/2020,35.310001,36.41,35.080002,36.189999,10651500
4/16/2020,36.529999,37.369999,36.290001,37.220001,11205800
4/17/2020,37.450001,37.639999,36.990002,37.459999,15513600
4/20/2020,37.470001,38.32,37.279999,37.639999,12664000
4/21/2020,37.509998,38.23,37.310001,37.610001,12259600
4/22/2020,38.150002,38.48,37.919998,38.25,9823600
4/23/2020,38.459999,38.84,37.66,37.91,15275800
4/24/2020,38.849998,39.529999,38.27,39.349998,16894800
4/27/2020,40.040001,40.360001,39.560001,39.630001,11090200
4/28/2020,39.59,39.900002,38.91,39.080002,16170400
4/29/2020,39.450001,39.75,38.84,39.029999,17989600
4/30/2020,37.630001,39.959999,37.549999,39.830002,18279500
5/1/2020,38.779999,39.470001,38.34,39.25,13894700
5/4/2020,39.279999,39.869999,39.060001,39.830002,10219900
5/5/2020,39.919998,40.759998,39.77,40.32,12414200
5/6/2020,40.639999,41.09,40.189999,40.950001,11026000
5/7/2020,41.27,41.610001,41.060001,41.369999,12588900
5/8/2020,41.700001,42.439999,41.700001,42.150002,8946000
5/11/2020,41.880001,42.43,41.599998,42.130001,13731700
5/12/2020,42.240002,42.860001,41.779999,42,9548400
5/13/2020,41.779999,42.380001,41.049999,41.580002,11041700
5/14/2020,41.310001,42.09,40.810001,42.040001,11165100
5/15/2020,41.459999,42.470001,41.380001,42.110001,13183200
5/18/2020,42.599998,42.900002,42.330002,42.5,8880900
5/19/2020,42.459999,43.18,42.389999,42.400002,13600300
5/20/2020,43,43.34,42.439999,42.709999,9282500
5/21/2020,42.75,42.93,42.240002,42.470001,8281700
5/22/2020,42.25,43.5,42.209999,43.450001,9879700
5/26/2020,43.990002,44.279999,43.310001,43.360001,9548900
5/27/2020,43.299999,44.18,42.860001,44.150002,8706500
5/28/2020,44.139999,44.98,44.009998,44.23,12476300
5/29/2020,44.299999,45.650002,43.880001,45.540001,18741500
6/1/2020,45.400002,45.970001,45.009998,45.200001,8931500
6/2/2020,45.240002,46.23,45.139999,45.98,9959000
6/3/2020,46.349998,46.720001,46.080002,46.450001,7599200
6/4/2020,51.34,51.880001,48.799999,49.360001,32274600
6/5/2020,49.240002,49.700001,48.240002,48.82,16332600
6/8/2020,48.299999,49.049999,47.84,48.720001,12182400
6/9/2020,48.869999,50,48.57,49.75,9699800
6/10/2020,50.25,50.34,49.07,49.25,10545900
6/11/2020,49.43,49.82,47.689999,47.939999,10563900
6/12/2020,48.389999,48.830002,46.849998,47.66,10056500
6/15/2020,46.939999,48.119999,46.639999,47.889999,12464800
6/16/2020,48.490002,48.73,47.540001,48.119999,9642900
6/17/2020,48.259998,49.099998,48.209999,48.43,9692100
6/18/2020,48.549999,49.09,48.18,48.439999,11344000
6/19/2020,48.73,48.950001,47.419998,48.290001,36555400
6/22/2020,48.34,49.32,48.009998,49.16,9223500
6/23/2020,49.59,50.32,49.099998,49.799999,12289300
6/24/2020,49.799999,50.450001,48.650002,48.77,13009000
6/25/2020,48.720001,49.540001,48.41,49.400002,10268700
6/26/2020,50.889999,51.279999,50.080002,50.889999,17762400
6/29/2020,51.07,51.34,50.119999,51.310001,8933900
6/30/2020,51.419998,52.75,51.32,52.450001,10559900
7/1/2020,52.709999,53.43,51.32,52.959999,12879800
7/2/2020,53.59,54.880001,53.549999,54.360001,8468400
7/6/2020,55.490002,56.970001,54.939999,56.169998,9889300
7/7/2020,55.950001,57.549999,55.93,57,10641800
7/8/2020,57.349998,58.459999,57.16,58.27,11127200
7/9/2020,58.73,60.529999,58.52,59.220001,15414600
7/10/2020,59.349998,59.889999,58.119999,59.27,11750700
7/13/2020,60.290001,61.060001,57.889999,58.299999,13128100
7/14/2020,57.75,59.290001,57.279999,59.080002,10054000
7/15/2020,58.82,59.130001,57.240002,58.389999,10724800
7/16/2020,57.900002,58.919998,57.900002,58.650002,7231200
7/17/2020,58.93,59.110001,57.779999,58.130001,6629600
7/20/2020,58.709999,58.799999,57.77,58.470001,6417100
7/21/2020,59.080002,59.549999,55.689999,56.59,18072000
7/22/2020,56.669998,57.43,56.130001,56.34,9139800
7/23/2020,56.439999,56.82,54.860001,55.150002,9819200
7/24/2020,55.02,55.360001,54.040001,55.119999,6509600
7/27/2020,55.73,57.380001,55.529999,57.23,7820700
7/28/2020,57.110001,57.34,56.110001,56.349998,11066800
7/29/2020,55.189999,56.040001,53.66,54.529999,14250500
7/30/2020,54,54.939999,53.73,54.720001,8018300
7/31/2020,55.060001,55.830002,54.330002,55.279999,8945500
8/3/2020,55.689999,56.82,55.57,56.57,8830300
8/4/2020,56.27,56.779999,55.779999,56.330002,6120700
8/5/2020,56.470001,56.93,55.98,56.66,6973500
8/6/2020,55.990002,56.529999,54.84,55.080002,8657100
8/7/2020,55.34,55.919998,54.779999,55.209999,6369300
8/10/2020,55.220001,55.290001,54.02,54.369999,6268400
8/11/2020,54.209999,55.639999,53.700001,54.290001,9325500
8/12/2020,54.400002,56.200001,54.389999,55.490002,6976200
8/13/2020,55.599998,57.060001,55.599998,56.279999,8205900
8/14/2020,56.529999,57.599998,55.869999,56.290001,6253200
8/17/2020,56.689999,57.57,56.299999,57.349998,5689900
8/18/2020,57.57,57.880001,56.939999,57.029999,4807100
8/19/2020,57.150002,58.380001,57.029999,57.709999,7208600
8/20/2020,57.599998,58.060001,57.16,57.66,6458400
8/21/2020,57.860001,59.060001,57.509998,58.209999,6784200
8/24/2020,58.459999,58.959999,58.060001,58.779999,6053100
8/25/2020,58.509998,58.889999,58.02,58.049999,4983200
8/26/2020,57.959999,58.66,57.380001,58.580002,6498800
8/27/2020,58.919998,58.919998,56.200001,56.310001,8112900
8/28/2020,56.259998,56.259998,54.049999,54.27,12445500
8/31/2020,54,54.91,53.57,54.779999,13417200
9/1/2020,54.950001,55.23,53.369999,53.650002,10121800
9/2/2020,53.889999,55.23,53.509998,55.09,10896300
9/3/2020,54.639999,55.419998,52.59,53.16,10157700
9/4/2020,52.82,53.330002,50.950001,52.540001,9971400
9/8/2020,51.169998,52.66,50.970001,51.529999,12745100
9/9/2020,52.029999,53.709999,51.709999,53.439999,8912100
9/10/2020,53.720001,54.599998,52.029999,52.32,7080700
9/11/2020,52.330002,53.080002,52.099998,52.77,7224600
9/14/2020,53.290001,53.580002,52.209999,52.299999,7417400
9/15/2020,52.68,52.990002,51.639999,51.779999,7750000
9/16/2020,51.779999,52.25,50.290001,50.419998,9394000
9/17/2020,49.360001,49.439999,47.439999,48.639999,15676200
9/18/2020,49,49.240002,48.080002,48.610001,10017200
9/21/2020,47.93,50.240002,47.73,50.139999,9097400
9/22/2020,50.639999,51.040001,49.830002,50.919998,6906300
9/23/2020,51.150002,51.459999,50.419998,50.68,6502600
9/24/2020,50.220001,52.169998,50.040001,51.779999,8182500
9/25/2020,51.970001,52.73,51.18,52.48,6852600
9/28/2020,53.200001,54.360001,53.099998,54.040001,6507200
9/29/2020,53.950001,54.299999,52.59,52.650002,7029100
9/30/2020,52.98,53.619999,51.509998,52.099998,9083900
10/1/2020,52.369999,52.860001,52,52.380001,6659600
10/2/2020,51.610001,52.43,51.189999,51.68,5456700
10/5/2020,51.939999,52.110001,51.150002,51.77,4954700
10/6/2020,51.91,51.91,49.490002,49.66,8824800
10/7/2020,50.549999,51.110001,49.98,50.939999,6016400
10/8/2020,51.299999,52.18,50.98,52.080002,6746800
10/9/2020,52.43,55.860001,52.32,55.450001,12658300
10/12/2020,56.200001,56.200001,54.529999,55.380001,8092000
10/13/2020,55.549999,57.82,55.400002,57.59,7445700
10/14/2020,57.790001,58.34,56.43,56.459999,7513800
10/15/2020,55.790001,56.110001,54.860001,55.400002,6275700
10/16/2020,55.330002,56.439999,55.189999,55.830002,6165600
10/19/2020,56.43,56.900002,53.919998,54.32,6721200
10/20/2020,54.419998,55.130001,54.029999,54.200001,6407500
10/21/2020,54.290001,54.48,52.630001,52.82,6557400
10/22/2020,52.59,52.720001,51.57,52.290001,5164000
10/23/2020,52.470001,53.950001,52.470001,53.790001,5734700
10/26/2020,53.490002,53.950001,52.279999,53.34,6597300
10/27/2020,53.389999,53.84,53,53.549999,4613000
10/28/2020,52.869999,54.099998,52.380001,53.25,9717200
10/29/2020,49.299999,50.799999,48.029999,49.279999,22526800
10/30/2020,48.77,49.139999,46.990002,47.630001,12565300
11/2/2020,48.189999,49.34,47.209999,47.869999,10765800
11/3/2020,48,49.380001,47.610001,48.919998,8909500
11/4/2020,49.470001,49.639999,47.560001,47.82,16562100
11/5/2020,48.709999,49.950001,48.470001,49.41,10325200
11/6/2020,49.700001,51.169998,49.049999,50.689999,10244300
11/9/2020,48,49.25,46.849998,48.32,19388000
11/10/2020,47.549999,47.639999,45.360001,46.540001,15521800
11/11/2020,47.169998,48.099998,46.810001,47.709999,13142300
11/12/2020,48.130001,48.169998,46.400002,46.59,10266100
11/13/2020,46.900002,48.720001,46.720001,48.669998,12082200
11/16/2020,48.450001,49.169998,48.009998,48.549999,14933300
11/17/2020,48.369999,48.900002,47.959999,48.330002,9892600
11/18/2020,48.07,49.459999,48.07,48.529999,12734100
11/19/2020,48.650002,50.049999,48.560001,49.779999,12012200
11/20/2020,49.799999,49.880001,48.959999,48.990002,10521400
11/23/2020,49.18,50.34,49.099998,49.900002,9416200
11/24/2020,49.919998,51.290001,49.830002,50.529999,7221600
11/25/2020,50.75,51.029999,50.049999,50.450001,4438900
11/27/2020,50.939999,51.93,50.900002,51.34,3604000
11/30/2020,51.029999,51.23,49.360001,50.43,10743200
12/1/2020,50.5,51.459999,50.18,50.52,7160300
12/2/2020,50.52,51.540001,50.360001,51.349998,9281900
12/3/2020,51.25,51.299999,50.110001,50.290001,5354200
12/4/2020,50.029999,51.189999,49.639999,50.970001,4791000
12/7/2020,50.91,51.009998,49.91,50.029999,5132200
12/8/2020,49.91,50.23,49.279999,49.889999,7091500
12/9/2020,49.959999,50.18,49.220001,49.5,6794500
12/10/2020,49.400002,49.84,48.93,49.599998,4344000
12/11/2020,49.439999,49.610001,48.669998,49.130001,4549500
12/14/2020,49.23,50.5,49.23,49.57,9127400
12/15/2020,49.959999,52.099998,49.689999,52.080002,7776100
12/16/2020,52.16,54.889999,52.16,53.650002,12846700
12/17/2020,53.630001,53.959999,52.439999,53.049999,6195700
12/18/2020,53.099998,53.259998,52.400002,53.060001,10943100
12/21/2020,52.619999,52.68,51.169998,51.57,6082300
12/22/2020,51.709999,52.02,51.080002,51.619999,6215900
12/23/2020,52,52,51.130001,51.130001,4739400
12/24/2020,51.23,51.240002,49.939999,50.119999,2718500
12/28/2020,50.5,50.549999,49.93,50.240002,6187400
12/29/2020,50.650002,51.110001,50.299999,50.860001,4796700
12/30/2020,51.02,51.509998,50.470001,50.549999,8618900
12/31/2020,50.610001,50.810001,50,50.25,3597200
1/4/2021,50.48,51.900002,50.450001,51.5,7843500
1/5/2021,51.349998,52.279999,51.060001,52.029999,10002400
1/6/2021,51.5,54.290001,51.400002,53.220001,9911400
1/7/2021,53.419998,54.23,53.009998,53.060001,7348800
1/8/2021,53.369999,54.549999,53.23,54.48,6298300
1/11/2021,54.18,54.41,53.470001,53.93,6956100
1/12/2021,53.98,56.709999,53.880001,56.040001,11825900
1/13/2021,55.779999,56.369999,55.360001,55.709999,8185100
1/14/2021,55.830002,55.830002,54.98,55.27,6937900
1/15/2021,55.290001,55.709999,54.310001,55.419998,9710600
1/19/2021,55.549999,57.200001,55.439999,56.98,8942400
1/20/2021,57.299999,57.540001,56.119999,56.169998,4798200
1/21/2021,56.299999,56.470001,55.32,56.400002,5265800
1/22/2021,56.200001,56.57,55.639999,56.459999,3317000
1/25/2021,57,58.380001,56.82,57.25,9818900
1/26/2021,57.09,59.310001,56.970001,59.169998,8394700
1/27/2021,58.639999,60.549999,58.049999,58.349998,10645100
1/28/2021,58,58.860001,55.939999,56.439999,11679600
1/29/2021,56.220001,57.580002,55.310001,56.509998,10923300
2/1/2021,56.830002,58.700001,56.650002,58.470001,7476200
2/2/2021,58.509998,58.779999,57.099998,57.330002,8580900
2/3/2021,58.099998,58.799999,57.669998,58.040001,10673300
2/4/2021,63.959999,64.849998,60.669998,61.119999,29410700
2/5/2021,61.16,62.82,60.240002,62.23,12711700
2/8/2021,62.599998,64.059998,62.560001,63.84,9787900
2/9/2021,63.869999,63.91,62.119999,62.23,5036400
2/10/2021,62.549999,63.220001,61.759998,62.32,4470900
2/11/2021,62.599998,62.98,61.669998,62.310001,3660100
2/12/2021,62.049999,63.189999,61.939999,63.009998,5621800
2/16/2021,63.98,64,62.82,62.869999,5559800
2/17/2021,62.580002,63.240002,62.049999,63.049999,4178700
2/18/2021,62.700001,63.349998,62.220001,62.799999,5962500
2/19/2021,63.189999,63.360001,61.869999,61.98,5462500
2/22/2021,62.099998,62.290001,60.959999,61.560001,5252900
2/23/2021,60.68,61.73,59.82,61.369999,5826500
2/24/2021,60.990002,61.049999,58.830002,59.380001,8050000
2/25/2021,59.400002,59.970001,56.849998,56.98,7868300
2/26/2021,57.34,57.66,56.25,56.419998,9014000
3/1/2021,57.099998,58.700001,56.529999,58.48,6153700
3/2/2021,58.639999,58.66,56.889999,56.990002,7646700
3/3/2021,56.73,56.950001,54.48,54.599998,11055500
3/4/2021,54.470001,54.889999,52.459999,53.34,9940400
3/5/2021,53.880001,54.119999,51.509998,53.759998,8395000
3/8/2021,53.869999,55.189999,53.450001,53.490002,7622100
3/9/2021,54.599998,56.970001,54.32,56.169998,8407000
3/10/2021,56.779999,56.779999,54.529999,55.34,7202600
3/11/2021,55.950001,56.580002,55.459999,56.240002,5888000
3/12/2021,55.68,56.099998,55.040001,55.799999,5025800
3/15/2021,55.849998,57.709999,55.610001,57.669998,5860100
3/16/2021,57.299999,58.189999,57.060001,57.419998,5873600
3/17/2021,56.73,59.73,56.720001,59,6788400
3/18/2021,58.32,60.119999,58,58.900002,6547300
3/19/2021,59.16,60.029999,58.509998,59.73,10317900
3/22/2021,59.919998,60.849998,59.560001,60.290001,6583900
3/23/2021,60.400002,61.029999,60.009998,60.310001,5959400
3/24/2021,60.610001,60.900002,57.580002,57.639999,7141900
3/25/2021,57.73,58.43,56.98,58.09,5705500
3/26/2021,58.150002,60.93,58.040001,60.830002,7409300
3/29/2021,60.880001,61.18,59.279999,59.849998,7090300
3/30/2021,59.529999,60.630001,59.049999,60.32,5400600
3/31/2021,60.84,62.669998,60.75,61.240002,8516800
4/1/2021,61.400002,63.240002,61.389999,63.110001,5210000
4/5/2021,63.349998,63.98,62.549999,63.689999,6672800
4/6/2021,63.630001,63.720001,62.240002,62.52,6396900
4/7/2021,62.689999,62.689999,61.43,61.759998,5848100
4/8/2021,62.299999,62.650002,61.759998,62.189999,3948400
4/9/2021,62.080002,62.599998,61.849998,62.470001,3801000
4/12/2021,62.470001,62.880001,62.130001,62.639999,5003600
4/13/2021,63.02,64.080002,62.919998,63.82,5264900
4/14/2021,63.939999,64.389999,62.349998,62.790001,9522800
4/15/2021,63.330002,64.540001,63.029999,64.360001,4677400
4/16/2021,64.519997,64.989998,64.290001,64.93,4650500
4/19/2021,64.629997,65.110001,63.599998,63.790001,5285500
4/20/2021,63.630001,63.799999,61.209999,61.790001,5506000
4/21/2021,61.439999,61.869999,60.880001,61.779999,5091900
4/22/2021,61.849998,61.900002,60.529999,60.740002,6849100
4/23/2021,60.880001,61.169998,60.439999,60.91,5072900
4/26/2021,61,61.610001,60.77,61.580002,4539300
4/27/2021,61.720001,62.310001,61.380001,61.700001,5577600
4/28/2021,62.080002,62.869999,61.82,62.32,7814100
4/29/2021,57.290001,57.34,54.950001,56.07,31082000
4/30/2021,55.73,56.889999,55.66,55.790001,10069300
5/3/2021,56.169998,58.849998,56.119999,58.150002,12472600
5/4/2021,57.509998,58.34,56.82,57.689999,9736900
5/5/2021,57.400002,58.880001,57.389999,58.240002,7002800
5/6/2021,58.150002,58.889999,57.759998,58.82,7583000
5/7/2021,59.099998,60.009998,58.400002,59.779999,10347500
5/10/2021,59.560001,62.299999,59.259998,61.439999,11628700
5/11/2021,60.040001,60.990002,59.139999,60.43,11344500
5/12/2021,59.689999,60.43,58.240002,58.279999,8763100
5/13/2021,58.59,59.369999,58.060001,58.740002,6389300
5/14/2021,59.439999,61.049999,59.299999,60.860001,6565200
5/17/2021,60.810001,61.799999,60.540001,61.689999,6892500
5/18/2021,61.700001,62.689999,60.689999,61.290001,6110600
5/19/2021,60.400002,60.400002,59.07,59.790001,8050200
5/20/2021,60.110001,60.27,59.349998,59.470001,8104600
5/21/2021,59.810001,61.380001,59.720001,61.02,11192200
5/24/2021,61.240002,61.950001,60.93,60.970001,5735100
5/25/2021,61.240002,61.84,60.860001,61.299999,6069900
5/26/2021,61.189999,62.139999,61.189999,61.439999,6710700
5/27/2021,61.200001,62.119999,59.32,59.509998,19669700
5/28/2021,59.959999,61.419998,59.66,60.880001,10887300
6/1/2021,61.52,62.09,60.73,61.369999,5640600
6/2/2021,61.389999,63.57,61.02,63.41,10598300
6/3/2021,62.98,64.269997,62.59,64.07,7219200
6/4/2021,64.379997,65.889999,64.139999,65.230003,8978000
6/7/2021,65.309998,65.720001,64.790001,65.449997,6123400
6/8/2021,65.519997,65.940002,65.260002,65.800003,5712300
6/9/2021,66.220001,66.349998,65.400002,65.959999,6124100
6/10/2021,66.32,66.980003,65.769997,66.75,5789000
6/11/2021,66.900002,67.419998,66.830002,67.129997,5849500
6/14/2021,67.25,67.260002,65.169998,65.889999,6944300
6/15/2021,66,66.349998,65.470001,65.959999,5011400
6/16/2021,65.440002,66.349998,65.300003,66.089996,5626000
6/17/2021,65.669998,66.300003,65.25,65.330002,6398300
6/18/2021,64.839996,64.93,63.139999,63.259998,11438700
6/21/2021,63.380001,64.970001,63.360001,64.400002,6483600
6/22/2021,64.279999,65.129997,63.41,64.889999,5311100
6/23/2021,65.019997,65.93,64.889999,65.300003,4462000
6/24/2021,65.410004,66.75,65.139999,66.57,5522300
6/25/2021,66.75,68.190002,66.75,67.900002,8999200
6/28/2021,68.260002,68.970001,67.57,68.82,5413400
6/29/2021,69,70.639999,68.849998,70.489998,6513000
6/30/2021,70.230003,70.660004,69.690002,70.209999,7299800
7/1/2021,70.209999,70.769997,69.029999,69.800003,8519800
7/2/2021,69.989998,70.309998,69.360001,70.080002,4908800
7/6/2021,70.150002,70.150002,68.889999,69.019997,6112100
7/7/2021,69.160004,70.519997,68.989998,70.07,6019500
7/8/2021,68.660004,69.290001,68.379997,68.650002,5581800
7/9/2021,68.830002,69.949997,68.580002,69.459999,5263600
7/12/2021,69.82,70.25,68.849998,68.970001,5628800
7/13/2021,68.82,69.470001,68.5,68.739998,4491800
7/14/2021,69.669998,70.309998,67.959999,68.029999,6484100
7/15/2021,68.059998,68.629997,67.639999,68.139999,4578000
7/16/2021,68.410004,68.800003,68.139999,68.18,4278900
7/19/2021,67.610001,68.879997,67.279999,68.529999,6464400
7/20/2021,68.699997,69.610001,68.580002,69.57,6223900
7/21/2021,69.410004,70.07,69.230003,69.860001,6082500
7/22/2021,69.849998,72.099998,69.610001,72.059998,8802200
7/23/2021,72.120003,73.769997,71.660004,73.540001,6700500
7/26/2021,72.889999,73.970001,72.889999,73.260002,7653700
7/27/2021,73.089996,73.239998,71.07,72.290001,8159400
7/28/2021,72.580002,73.57,72.220001,72.889999,5141000
7/29/2021,73.139999,74.129997,73.050003,73.410004,4963100
7/30/2021,72.059998,72.07,68.080002,68.209999,11995300
8/2/2021,68.809998,69.360001,67.580002,68.629997,6785100
8/3/2021,68.75,68.779999,67.639999,68.010002,5997800
8/4/2021,67.919998,68.699997,67.720001,68,6715600
8/5/2021,67.699997,67.879997,65.580002,67.279999,9926200
8/6/2021,67.260002,67.279999,65.269997,65.489998,8888300
8/9/2021,65.739998,66.32,65.07,65.349998,7186400
8/10/2021,65.360001,67.580002,65.349998,67.309998,7358900
8/11/2021,67.220001,68.220001,66.949997,68.019997,10104400
8/12/2021,67.169998,69.040001,66.360001,68.889999,10677700
8/13/2021,68.639999,74.150002,68.589996,74.019997,17907600
8/16/2021,73.720001,76.550003,73.510002,75.25,12691700
8/17/2021,74.040001,74.739998,72.660004,72.839996,9422600
8/18/2021,72.980003,74.139999,72.360001,72.830002,6536400
8/19/2021,72.360001,73.550003,72.059998,72.830002,5607100
8/20/2021,72.900002,73.839996,72.809998,73.360001,5398700
8/23/2021,73.410004,73.470001,71.779999,73.199997,5044700
8/24/2021,73.529999,74,72.620003,72.839996,6132300
8/25/2021,72.849998,74.489998,72.709999,74.160004,5052500
8/26/2021,74.339996,75.959999,73.760002,75.639999,5539700
8/27/2021,75.300003,76.580002,75.190002,76.410004,5093200
8/30/2021,76.43,77.830002,76.040001,77.550003,5541700
8/31/2021,77.489998,77.720001,76.57,76.739998,6806300
9/1/2021,77.059998,77.059998,75.900002,76.150002,5740200
9/2/2021,76.309998,77.220001,76.120003,76.489998,5031000
9/3/2021,76.309998,76.949997,75.980003,76.529999,4436500
9/7/2021,76.410004,76.459999,74.650002,74.709999,6041300
9/8/2021,74.82,74.989998,73.68,73.93,6351300
9/9/2021,73.830002,74.089996,72.940002,73,5164200
9/10/2021,73.980003,74.269997,72.480003,72.559998,5393000
9/13/2021,72.959999,73.129997,71.870003,72.669998,5768600
9/14/2021,72.75,73.019997,71.029999,71.389999,6576700
9/15/2021,71.959999,74.989998,71.860001,73.989998,10771100
9/16/2021,73.43,75.110001,73.309998,74.699997,6630300
9/17/2021,74.889999,75.099998,73.730003,74.110001,8874800
9/20/2021,72.68,73,70.75,72.870003,9841500
9/21/2021,73.410004,74.029999,72.07,72.120003,5375100
9/22/2021,72.589996,73.730003,72.379997,73.209999,4028400
9/23/2021,73.489998,74.410004,73.18,73.510002,4128800
9/24/2021,72.93,73.400002,72.720001,72.989998,3486600
9/27/2021,72.730003,73.809998,72.410004,73.669998,4268700
9/28/2021,72.830002,73.669998,70.730003,71.260002,5379600
9/29/2021,71.519997,71.830002,69.730003,69.970001,5621400
9/30/2021,70.269997,70.660004,69.620003,69.669998,3927200
10/1/2021,69.699997,70.360001,69.019997,69.910004,4069100
10/4/2021,69.43,69.580002,68.279999,68.470001,4648400
10/5/2021,68.879997,70.629997,68.669998,69.970001,3932500
10/6/2021,69.309998,71.599998,69.139999,71.540001,4867000
10/7/2021,72.970001,75.169998,72.849998,74.169998,7309200
10/8/2021,74.440002,75.949997,74.330002,75.050003,4672600
10/11/2021,74.690002,74.900002,74.199997,74.5,2817900
10/12/2021,75.209999,75.709999,74.510002,74.669998,3408300
10/13/2021,74.970001,75.330002,74.239998,74.900002,2929400
10/14/2021,75.550003,75.75,74.220001,74.68,4770000
10/15/2021,75.239998,75.419998,74.639999,74.900002,4358500
10/18/2021,74.669998,75.050003,73.889999,74.25,5730000
10/19/2021,74.410004,75.379997,74.379997,74.720001,3425800
10/20/2021,74.959999,76.949997,74.620003,75.970001,5201700
10/21/2021,75.580002,76.269997,75.059998,76.209999,3615500
10/22/2021,76.290001,81.190002,76.290001,80.589996,11047500
10/25/2021,80.589996,81.059998,79.900002,80.57,6299600
10/26/2021,80.970001,80.980003,78.400002,78.5,6145700
10/27/2021,78.25,78.5,77.290001,77.660004,7896500
10/28/2021,74.029999,74.480003,70.550003,72.410004,17831800
10/29/2021,72.07,76.980003,72.07,76.720001,16714300
11/1/2021,76.470001,77.610001,75.550003,76.300003,7915700
11/2/2021,75.629997,76.379997,74.470001,74.900002,7002300
11/3/2021,74.690002,76.129997,73.860001,75.449997,9462500
11/4/2021,75.660004,77,74.949997,76.279999,5958200
11/5/2021,76.650002,76.940002,75.529999,75.57,4692600
11/8/2021,75.790001,76.529999,73.5,73.760002,8320500
11/9/2021,74.099998,75.470001,73.779999,73.959999,8317700
11/10/2021,73.870003,74.720001,72.940002,73.230003,6126600
11/11/2021,74.029999,74.949997,73.290001,73.300003,4200800
11/12/2021,73.459999,74.129997,72.529999,73.910004,3793600
11/15/2021,74.470001,76.239998,74,74.209999,5079300
11/16/2021,74.300003,76.580002,74.190002,75.889999,6200400
11/17/2021,75.800003,75.919998,72.989998,73.379997,6393300
11/18/2021,73.5,75.050003,73.459999,74.720001,9833400
11/19/2021,74.900002,76.410004,74.470001,74.629997,5573800
11/22/2021,74.43,75.190002,73.540001,73.57,4576600
11/23/2021,73.209999,73.379997,71.040001,71.650002,10521500
11/24/2021,71.349998,72.879997,70.910004,72.660004,4675200
11/26/2021,72.970001,73.599998,72.099998,72.470001,4121900
11/29/2021,72.540001,72.660004,69.529999,70.550003,7789500
11/30/2021,70.330002,70.720001,66.889999,67.459999,21869100
12/1/2021,68.639999,68.650002,66.739998,66.809998,11859600
12/2/2021,67.169998,67.949997,66.279999,67.480003,8384900
12/3/2021,67.779999,68.540001,66.309998,67.050003,10336600
12/6/2021,67.129997,67.139999,65.540001,66.07,6413100
12/7/2021,66.720001,67.650002,66.529999,67.230003,6224500
12/8/2021,67.330002,67.709999,66.279999,67.160004,6751900
12/9/2021,66.989998,67.690002,66.550003,66.599998,4523800
12/10/2021,66.809998,67.150002,65.940002,66.889999,7593700
12/13/2021,66.470001,67.440002,66.220001,66.690002,6043700
12/14/2021,66.25,66.459999,65.269997,65.849998,9297700
12/15/2021,65.32,65.760002,64.25,65.610001,10196400
12/16/2021,65.779999,66.129997,63.950001,64.040001,8521400
12/17/2021,63.650002,65.150002,62.970001,64.029999,19368900
12/20/2021,62.91,65.160004,62.82,63.790001,8123700
12/21/2021,64.209999,64.550003,63.299999,63.709999,9835700
12/22/2021,63.75,64.650002,63.34,63.939999,5835900
12/23/2021,64,65.440002,63.669998,64.889999,6045400
12/27/2021,65.209999,65.849998,64.970001,65.660004,6050200
12/28/2021,65.82,66.720001,65.470001,66.080002,5534400
12/29/2021,65.93,66.75,65.599998,66.459999,3654500
12/30/2021,66.279999,67.650002,66.239998,66.779999,3673600
12/31/2021,66.739998,66.919998,65.730003,66.5,5935800
1/3/2022,66.449997,67.120003,65.660004,66.800003,6685500
1/4/2022,67.169998,67.419998,64.440002,65.139999,7527300
1/5/2022,64.870003,66.269997,64.459999,64.489998,7440700
1/6/2022,64.139999,67.489998,64.080002,66.809998,8218400
1/7/2022,66.730003,67.330002,66.279999,66.32,5000900
1/10/2022,65.720001,66.330002,63.720001,64.57,6684000
1/11/2022,64.580002,66.519997,64.07,66.43,3811100
1/12/2022,66.870003,66.989998,63.849998,64.32,5426000
1/13/2022,64.739998,65.239998,63.169998,63.279999,4416900
1/14/2022,63.169998,63.84,62.639999,63.450001,6253100
1/18/2022,62.799999,62.799999,61.529999,61.610001,7163600
1/19/2022,61.959999,62.84,61.919998,62.290001,6721800
1/20/2022,62.849998,63.68,60.669998,60.709999,5352500
1/21/2022,60.919998,61.34,59.369999,59.540001,7742200
1/24/2022,58.970001,59.720001,56.880001,59.66,9318900
1/25/2022,58.439999,58.57,56.919998,58.18,7635900
1/26/2022,58.57,59.490002,57.200001,57.709999,7599800
1/27/2022,58.040001,58.709999,56.400002,56.700001,4947100
1/28/2022,56.740002,57.599998,55.91,57.540001,5027100
1/31/2022,57.73,60.389999,57.66,60.07,9059300
2/1/2022,59.91,60.619999,59.57,60.48,4080600
2/2/2022,60.470001,60.59,57.419998,58.540001,8826200
2/3/2022,58,58.09,56.93,57.189999,6287200
2/4/2022,57.34,60.27,57.25,59.290001,10587000
2/7/2022,59.18,59.73,58.540001,58.700001,5718400
2/8/2022,58.439999,59.91,58.439999,59.73,3770700
2/9/2022,60.369999,60.66,59.700001,60.610001,3448800
2/10/2022,59.490002,60.029999,58.48,58.810001,3976200
2/11/2022,59.310001,59.939999,58.049999,58.380001,5897200
2/14/2022,58.529999,58.639999,57.68,58.18,5714500
2/15/2022,58.959999,59.990002,58.630001,59.93,3803800
2/16/2022,59.689999,59.75,57.259998,57.650002,5201800
2/17/2022,57.48,57.700001,55.529999,55.759998,5659300
2/18/2022,55.360001,55.889999,54.27,55.459999,7219600
2/22/2022,55.119999,56.75,54.889999,55.150002,6951000
2/23/2022,55.529999,55.889999,54.470001,54.59,11482500
2/24/2022,50.23,55.639999,49.529999,55.439999,24110800
2/25/2022,55.369999,55.57,53.380001,54.599998,8340200
2/28/2022,54.32,54.990002,53.41,54.59,9281300
3/1/2022,54.560001,55.049999,53.939999,54.349998,9298800
3/2/2022,54.349998,55.450001,53.68,55.09,8496700
3/3/2022,55.639999,55.639999,53.459999,54.419998,6139200
3/4/2022,54.290001,56.439999,54.09,55.66,8300800
3/7/2022,55.5,56.459999,54.740002,54.849998,9961700
3/8/2022,54.939999,55.93,53.25,53.310001,9549000
3/9/2022,53.93,53.93,52.599998,53.060001,10250400
3/10/2022,53.02,55.48,51.279999,52.360001,18926000
3/11/2022,52.900002,52.900002,50,50.060001,9217700
3/14/2022,50.200001,53.25,50.009998,52.09,9205600
3/15/2022,52.509998,54.560001,52.220001,53.939999,8927400
3/16/2022,53.790001,54.900002,53.080002,54.77,7561500
3/17/2022,54.279999,55.860001,54.060001,55.669998,5974000
3/18/2022,55.099998,56.669998,55.099998,56.02,10588500
3/21/2022,55.580002,56.25,54.880001,55.32,5918500
3/22/2022,54.98,56.259998,54.950001,55.75,7120300
3/23/2022,55.419998,56.060001,54.650002,55.599998,5329000
3/24/2022,55.740002,57.389999,55.540001,57.23,6892900
3/25/2022,57.380001,58.049999,56.950001,57.419998,6240900
3/28/2022,57.419998,58.84,56.93,58.779999,7156400
3/29/2022,59.380001,60.389999,59.380001,60.209999,5341100
3/30/2022,59.73,60.34,59.119999,59.360001,5943000
3/31/2022,59.16,59.16,57.240002,57.259998,9380700
4/1/2022,57.869999,58.330002,57.299999,57.709999,4950100
4/4/2022,58.080002,58.369999,56.490002,56.73,6651900
4/5/2022,56.68,57.73,55.98,56.400002,5040600
4/6/2022,55.830002,56.150002,53.48,54.119999,6359400
4/7/2022,53.880001,54.84,53.5,54.380001,4998700
4/8/2022,54.5,55.439999,54.119999,55.029999,3747400
4/11/2022,54.360001,56.23,54.360001,54.889999,4101900
4/12/2022,55.330002,55.779999,54.119999,54.240002,3987300
4/13/2022,54.09,55.470001,53.959999,55.119999,3787000
4/14/2022,55.200001,55.470001,53.98,54.150002,4452200
4/18/2022,53.830002,54.75,53.669998,54.560001,4115300
4/19/2022,54.16,55.220001,54.16,55.169998,4698300
4/20/2022,55.32,55.360001,54.759998,54.860001,4937900
4/21/2022,55.23,55.860001,54.549999,54.77,4408600
4/22/2022,54.599998,54.830002,53.080002,53.169998,4914800
4/25/2022,52.93,53.880001,52.709999,53.630001,5503600
4/26/2022,53.59,53.959999,52.48,53.099998,4951700
4/27/2022,52.990002,53.889999,52,52.060001,4905700
4/28/2022,52.470001,54.049999,52.150002,53.77,6008500
4/29/2022,51.52,53.98,51.52,51.919998,8341100
5/2/2022,51.970001,53.220001,51.459999,53.150002,6139800
5/3/2022,53.279999,54.25,53.02,53.459999,8059000
5/4/2022,53.48,54.490002,52.32,54.419998,9500200
5/5/2022,51.209999,51.82,47.290001,48.040001,19285100
5/6/2022,48,49.639999,47.029999,48.810001,11281200
5/9/2022,48.080002,50.919998,47.669998,49.259998,12832100
5/10/2022,49.970001,50.889999,48.380001,48.59,7614900
5/11/2022,48.310001,48.950001,46.470001,46.580002,7085300
5/12/2022,45.98,47.82,45.189999,46.16,8920400
5/13/2022,46.459999,46.759998,45.720001,46.650002,6455200
5/16/2022,46.490002,46.490002,44.91,45.09,6940600
5/17/2022,45.639999,47.119999,45.400002,46.919998,5704500
5/18/2022,46.099998,46.779999,44.650002,44.939999,5883200
5/19/2022,44.619999,45.330002,44.02,44.619999,7668700
5/20/2022,44.959999,45.32,43.279999,44.310001,7445800
5/23/2022,44.740002,45.349998,44,45.189999,6122500
5/24/2022,44.400002,45.630001,43.619999,44.18,8315100
5/25/2022,43.869999,45.130001,43.869999,44.810001,7522100
5/26/2022,45.68,46.810001,45.490002,46.470001,6299000
5/27/2022,47.220001,48.830002,47.049999,48.82,8695400
5/31/2022,48.439999,49.299999,47.32,48.669998,17674900
6/1/2022,49.080002,49.080002,46.810001,46.970001,7174800
6/2/2022,46.860001,47.779999,46.450001,47.77,5287700
6/3/2022,47.32,47.549999,46.790001,47.09,6122200
6/6/2022,47.990002,48.759998,47.470001,47.669998,5350100
6/7/2022,46.900002,47.669998,46.68,47.509998,5114200
6/8/2022,47.82,48.139999,47.299999,47.68,4401800
6/9/2022,47.200001,47.439999,46.43,46.689999,5139100
6/10/2022,44.349998,45.580002,44.279999,44.279999,8764800
6/13/2022,43.009998,43.970001,42.669998,42.93,9224400
6/14/2022,43.200001,43.59,42.209999,42.580002,5288400
6/15/2022,42.970001,44.049999,42.580002,43.509998,8232200
6/16/2022,42.290001,42.5,40.52,41.080002,9954900
6/17/2022,41.509998,42.57,41.43,42.209999,21193800
6/21/2022,42.700001,43.470001,42.200001,42.290001,7628500
6/22/2022,41.880001,43.66,41.830002,43.130001,7343000
6/23/2022,42.169998,43.110001,42.049999,42.970001,5244700
6/24/2022,43.349998,45.779999,43.220001,45.669998,20444400
6/27/2022,45.869999,45.939999,44.220001,44.380001,4703400
6/28/2022,43.400002,44.48,42.599998,42.650002,5435600
6/29/2022,42.580002,43.029999,42.299999,42.669998,3517100
6/30/2022,42.419998,42.419998,41.02,41.669998,6571700
7/1/2022,41.939999,43.040001,41.759998,42.889999,4950800
7/5/2022,42.259998,43.959999,41.889999,43.93,6413700
7/6/2022,44.400002,44.959999,43.560001,43.720001,6444000
7/7/2022,43.720001,44.07,43.189999,43.82,6216100
7/8/2022,43.400002,43.830002,42.75,43.139999,3716300
7/11/2022,43.02,43.16,42.389999,42.830002,5986800
7/12/2022,43.060001,43.950001,42.869999,43.200001,4751000
7/13/2022,42.200001,43.150002,41.939999,42.490002,4439900
7/14/2022,42.200001,42.360001,41.220001,42.029999,3624800
7/15/2022,42.990002,43.959999,42.849998,43.610001,6407300
7/18/2022,43.98,44.73,43.349998,43.59,4544300
7/19/2022,43.889999,45.490002,43.889999,45.380001,4290500
7/20/2022,45.59,46.470001,45.419998,46.189999,4066000
7/21/2022,46.080002,46.669998,45.849998,46.650002,2964100
7/22/2022,46.59,47.369999,46.360001,46.68,4908200
7/25/2022,46.68,47.040001,46.139999,46.560001,4042600
7/26/2022,45.389999,45.790001,45.25,45.66,3834200
7/27/2022,45.950001,47.52,45.830002,47.18,4123000
7/28/2022,47.369999,48.240002,46.48,48.209999,4914700
7/29/2022,49.130001,49.73,48.380001,48.630001,7241400
8/1/2022,47.849998,49.34,47.650002,48.939999,4805800
8/2/2022,48.689999,48.84,47.75,48.43,5250700
8/3/2022,49,50.82,49,50.48,8749800
8/4/2022,50.099998,50.189999,46.66,47.869999,10604500
8/5/2022,47.330002,47.66,46.689999,47.279999,5487400
8/8/2022,47.630001,49,47.200001,47.610001,4786100
8/9/2022,47.57,48.02,47.02,48,6075100
8/10/2022,48.860001,49.290001,48.470001,48.5,4848400
8/11/2022,48.869999,49.52,48.130001,48.57,4581900
8/12/2022,48.950001,49.48,48.68,49.439999,2885800
8/15/2022,49.169998,49.240002,48.200001,48.68,3710000
8/16/2022,48.689999,50.169998,48.580002,49.5,5314600
8/17/2022,48.889999,49.029999,48.240002,48.57,3832300
8/18/2022,48.389999,48.720001,47.82,48.540001,3534100
8/19/2022,47.849998,48.080002,46.549999,47.07,4377500
8/22/2022,46.700001,46.700001,45.330002,45.389999,4322500
8/23/2022,45.32,46.360001,45.16,45.43,4307200
8/24/2022,45.23,46.259998,45.169998,45.529999,4212100
8/25/2022,45.73,46.619999,45.560001,46.59,3227800
8/26/2022,47.029999,47.209999,44.509998,44.529999,3978200
8/29/2022,44.259998,44.849998,43.900002,44.459999,4539100
8/30/2022,44.869999,45.060001,44.080002,44.450001,4274900
8/31/2022,44.689999,44.810001,43.91,44.130001,7289300
9/1/2022,43.990002,44.799999,43.630001,44.77,4660500
9/2/2022,45.189999,45.459999,43.830002,44.110001,4203000
9/6/2022,44.220001,44.290001,42.93,43.040001,6219900
9/7/2022,43.150002,44.869999,43.09,44.66,4814700
9/8/2022,44.360001,44.52,43.560001,44.25,5945800
9/9/2022,44.380001,45.16,44.27,45.099998,4264800
9/12/2022,45.369999,45.849998,45.110001,45.52,4737500
9/13/2022,44.150002,44.389999,42.610001,42.790001,6326400
9/14/2022,42.889999,42.919998,41.880001,42.57,7176200
9/15/2022,42.490002,43.830002,42.43,42.66,6821600
9/16/2022,41.849998,42.139999,41.139999,42,9313600
9/19/2022,41.77,41.869999,41.080002,41.349998,6713000
9/20/2022,41.040001,41.040001,39.709999,39.900002,7587800
9/21/2022,40.040001,40.310001,38.799999,38.93,6350400
9/22/2022,38.849998,38.93,38.009998,38.299999,5490500
9/23/2022,38.029999,38.220001,37.5,38.189999,5161200
9/26/2022,38.16,39.099998,38.099998,38.130001,5571700
9/27/2022,38.52,38.59,37.27,37.57,5298000
9/28/2022,37.599998,38.82,37.549999,38.610001,4452700
9/29/2022,37.959999,38.060001,37.279999,37.689999,4211800
9/30/2022,37.41,37.959999,36.759998,36.810001,5953300
10/3/2022,36.939999,37.619999,36.18,37.220001,8930300
10/4/2022,38.110001,39.18,38.09,38.669998,8189800
10/5/2022,38.25,39.490002,38.18,39.119999,7290500
10/6/2022,38.950001,39.630001,38.84,38.889999,6471800
10/7/2022,38.509998,38.580002,37.419998,37.549999,6731600
10/10/2022,37.91,38.09,37.290001,37.560001,5192100
10/11/2022,37.209999,37.799999,36.619999,36.950001,6222400
10/12/2022,36.990002,37.240002,36.610001,37.130001,6324300
10/13/2022,36.209999,38.34,35.919998,37.959999,7866600
10/14/2022,38.299999,38.459999,37.009998,37.080002,5716900
10/17/2022,38.009998,38.450001,37.790001,37.849998,5976000
10/18/2022,38.990002,39.32,38.16,38.5,5326500
10/19/2022,38.279999,38.639999,37.279999,37.810001,5097700
10/20/2022,37.700001,38.66,37.48,37.619999,5105200
10/21/2022,37.41,38.450001,37.080002,38.41,4449300
10/24/2022,38.41,38.82,37.599998,38.68,5899100
10/25/2022,38.610001,39.119999,38.139999,38.970001,6544200
10/26/2022,38.990002,40.560001,38.919998,39.57,5856200
10/27/2022,39.700001,40.630001,39.619999,39.849998,6130400
10/28/2022,38.799999,40.41,38.48,40.32,7750500
